{"cameraMode":{"drawMode":0,"name":"Shaded","section":"Shading Mode"},"sceneLighting":true,"audioPlay":false,"sceneViewState":{"showFog":true,"showMaterialUpdate":false,"showSkybox":true,"showFlares":true,"showImageEffects":true,"showParticleSystems":true},"in2DMode":false,"pivot":{"x":-1.730876088142395,"y":0.08378750085830689,"z":-0.7900292277336121},"rotation":{"x":-0.14971710741519929,"y":0.7979715466499329,"z":-0.22111155092716218,"w":-0.5403168201446533},"size":6.335375785827637,"orthographic":false}