{"cameraMode":{"drawMode":0,"name":"Shaded","section":"Shading Mode"},"sceneLighting":true,"audioPlay":false,"sceneViewState":{"showFog":true,"showMaterialUpdate":false,"showSkybox":true,"showFlares":true,"showImageEffects":true,"showParticleSystems":true},"in2DMode":false,"pivot":{"x":0.13745436072349549,"y":-0.22950711846351624,"z":-0.29825687408447268},"rotation":{"x":-0.06705772876739502,"y":0.9323787093162537,"z":-0.267412930727005,"w":-0.2338089793920517},"size":3.9073946475982668,"orthographic":false}