{"cameraMode":{"drawMode":0,"name":"Shaded","section":"Shading Mode"},"sceneLighting":true,"audioPlay":false,"sceneViewState":{"showFog":true,"showMaterialUpdate":false,"showSkybox":true,"showFlares":true,"showImageEffects":true,"showParticleSystems":true},"in2DMode":false,"pivot":{"x":-17.234352111816408,"y":0.19931164383888246,"z":1.7442121505737305},"rotation":{"x":0.08539900183677674,"y":-0.9137645363807678,"z":0.30079445242881777,"w":0.25941917300224306},"size":3.610659599304199,"orthographic":false}