{"cameraMode":{"drawMode":0,"name":"Shaded","section":"Shading Mode"},"sceneLighting":true,"audioPlay":false,"sceneViewState":{"showFog":true,"showMaterialUpdate":false,"showSkybox":true,"showFlares":true,"showImageEffects":true,"showParticleSystems":true},"in2DMode":false,"pivot":{"x":0.12826000154018403,"y":5.1386895179748539,"z":-12.615537643432618},"rotation":{"x":-0.3535558879375458,"y":0.09433707594871521,"z":-0.03586588799953461,"w":-0.9299542903900147},"size":4.388052463531494,"orthographic":false}